Gabriel Antoniu		<Gabriel.Antoniu@ens-lyon.fr>
Olivier Aumage		<Olivier.Aumage@ens-lyon.fr>
Vincent Bernardi	<Vincent.Bernardi@ens-lyon.fr>
Luc Bougé		<Luc.Bouge@ens-lyon.fr>
Vincent Danjean		<Vincent.Danjean@ens-lyon.fr>
Yves Denneulin		<Yves.Denneulin@imag.fr>
Lionel Eyraud		<Lionel.Eyraud@ens-lyon.fr>
Jean-Marc Geib		<Jean-Marc.Geib@lifl.fr>
Jean-Francois Méhaut	<Jean-Francois.Mehaut@univ-ag.fr>
Raymond Namyst		<Raymond.Namyst@ens-lyon.fr>
Christian Perez		<Christian.Perez@irisa.fr>
Benoît Planquelle	<Benoit.Planquelle@lifl.fr>
